time,r=0.0cm,r=0.1cm,r=0.2cm,r=0.3cm,r=0.4cm,r=0.5cm,r=0.6cm,r=0.7cm,r=0.8cm,r=0.9cm,r=1.0cm,r=1.1cm,r=1.2cm,r=1.3cm,r=1.4cm,r=1.5cm,r=1.6cm,r=1.7cm,r=1.8cm,r=1.9cm,r=2.0cm
100,28,28.0001,28.0001,28.0001,28.0002,28.0003,28.0005,28.0009,28.0015,28.0024,28.0039,28.0061,28.0094,28.0144,28.0216,28.0319,28.0464,28.0665,28.0939,28.1308,28.1795
200,28.0057,28.0059,28.0066,28.0079,28.0098,28.0126,28.0163,28.0214,28.028,28.0368,28.0482,28.0627,28.0812,28.1044,28.1333,28.1689,28.2122,28.2644,28.3266,28.3999,28.485
300,28.0406,28.0415,28.0441,28.0485,28.0548,28.0634,28.0744,28.0883,28.1054,28.1262,28.1513,28.1813,28.217,28.2591,28.3088,28.3672,28.4358,28.5161,28.6103,28.7204,28.8486
400,28.1224,28.124,28.1288,28.1371,28.1488,28.1644,28.1841,28.2084,28.2379,28.273,28.3144,28.3629,28.4194,28.4846,28.5595,28.6452,28.7427,28.8531,28.9777,29.1178,29.2748
500,28.2597,28.2622,28.2696,28.2822,28.3,28.3233,28.3525,28.388,28.4302,28.4797,28.537,28.6028,28.6777,28.7623,28.8574,28.9636,29.0815,29.2118,29.3554,29.5131,29.6862
600,28.4534,28.4566,28.4664,28.4828,28.5059,28.5361,28.5735,28.6186,28.6716,28.7332,28.8039,28.8841,28.9747,29.0763,29.1896,29.3155,29.4548,29.6084,29.7772,29.962,30.164
700,28.6963,28.7002,28.7121,28.732,28.7601,28.7966,28.8418,28.896,28.9596,29.0332,29.1173,29.2126,29.3197,29.4393,29.5724,29.7198,29.8824,30.0609,30.256,30.4684,30.6983
800,28.9871,28.9917,29.0058,29.0292,29.0623,29.1052,29.1582,29.2216,29.2958,29.3812,29.4783,29.5876,29.7098,29.8454,29.995,30.1595,30.3395,30.5357,30.7487,30.9791,31.2272
900,29.3243,29.3296,29.3456,29.3722,29.4098,29.4583,29.5181,29.5894,29.6726,29.7679,29.8757,29.9965,30.1305,30.2782,30.4401,30.6164,30.8076,31.0141,31.2363,31.4746,31.7295
1000,29.7007,29.7065,29.724,29.7531,29.7941,29.847,29.9121,29.9895,30.0794,30.1823,30.2984,30.4281,30.5717,30.7299,30.903,31.0914,31.2956,31.5159,31.7525,32.0052,32.2739
1100,30.1081,30.1143,30.1331,30.1644,30.2083,30.265,30.3346,30.4173,30.5133,30.6229,30.7463,30.8839,31.0362,31.2035,31.3865,31.5858,31.8022,32.0366,32.2896,32.5618,32.8537
1200,30.5429,30.5495,30.5695,30.6028,30.6496,30.7099,30.784,30.8721,30.9743,31.0911,31.2225,31.369,31.531,31.7087,31.9025,32.113,32.3404,32.5854,32.8483,33.1296,33.4294
1300,31.0052,31.0123,31.0334,31.0686,31.1181,31.1819,31.2602,31.353,31.4606,31.5832,31.7209,31.874,32.0426,32.2269,32.4272,32.6436,32.8766,33.1267,33.3944,33.6811,33.988
1400,31.4908,31.4982,31.5202,31.5569,31.6084,31.6748,31.7562,31.8527,31.9645,32.0919,32.235,32.3941,32.5695,32.7614,32.9703,33.1962,33.4395,33.7003,33.9789,34.2754,34.5898
1500,31.996,32.0036,32.0265,32.0646,32.1181,32.187,32.2715,32.3715,32.4873,32.619,32.7667,32.9304,33.1104,33.3066,33.519,33.7476,33.9921,34.2522,34.5274,34.8172,35.1211
1600,32.5175,32.5253,32.5486,32.5876,32.6422,32.7124,32.7983,32.8998,33.0171,33.1501,33.299,33.4637,33.6443,33.8409,34.0535,34.2822,34.5269,34.7876,35.0641,35.3558,35.6621
1700,33.0457,33.0536,33.0771,33.1163,33.1713,33.2419,33.3282,33.4302,33.548,33.6814,33.8305,33.9952,34.1757,34.3717,34.5835,34.8109,35.0542,35.3136,35.5893,35.882,36.1925
1800,33.5758,33.5837,33.6072,33.6465,33.7016,33.7724,33.8589,33.9613,34.0796,34.2139,34.3642,34.5307,34.7136,34.913,35.1291,35.3621,35.6122,35.8795,36.1642,36.4662,36.7858
